{
    "setting": {
        "compileHotReLoad": true
    },
    "condition": {
        "miniprogram": {
            "list": [
                {
                    "name": "login",
                    "pathName": "pages/login/login",
                    "query": "",
                    "scene": null
                },
                {
                    "name": "register",
                    "pathName": "pages/register/register",
                    "query": "",
                    "scene": null
                },
                {
                    "name": "instrumentRegister",
                    "pathName": "pages/instrumentRegister/instrumentRegister",
                    "query": "",
                    "scene": null
                },
                {
                    "name": "my",
                    "pathName": "pages/my/my",
                    "query": "",
                    "scene": null
                },
                {
                    "name": "resetPhone",
                    "pathName": "pages/resetPhone/resetPhone",
                    "query": "",
                    "scene": null
                },
                {
                    "name": "resetPassword",
                    "pathName": "pages/resetPassword/resetPassword",
                    "query": "",
                    "scene": null
                },
                {
                    "name": "resetEmail",
                    "pathName": "pages/resetEmail/resetEmail",
                    "query": "",
                    "scene": null
                },
                {
                    "name": "instrumentAdd",
                    "pathName": "pages/instrumentAdd/instrumentAdd",
                    "query": "instrumentId=123&instrumentModel=456",
                    "scene": 1011
                }
            ]
        }
    },
    "projectname": "renmai-mp",
    "description": "项目私有配置文件。此文件中的内容将覆盖 project.config.json 中的相同字段。项目的改动优先同步到此文件中。详见文档：https://developers.weixin.qq.com/miniprogram/dev/devtools/projectconfig.html"
}