<?xml version="1.0" encoding="UTF-8"?>
<!DOCTYPE mapper PUBLIC "-//mybatis.org//DTD Mapper 3.0//EN"
        "http://mybatis.org/dtd/mybatis-3-mapper.dtd">

<mapper namespace="cn.rmy.dao.CaliAnaMapper">
    <resultMap id="caliAnalysisDataDto" type="cn.rmy.common.pojo.dto.CaliAnalysisDataDto">
        <result column="object" property="object"/>
        <result column="amount" property="amount"/>
    </resultMap>

    <select id="getAllCaliAnalysis" resultMap="caliAnalysisDataDto">
        select b.project_name as object, count(a.project_id) as amount
        from cali_data a join tb_project b
            on a.project_id=b.project_id
        where a.ins_id in
        <foreach collection="insList" index="index" item="item" open="(" separator="," close=")">
            #{item}
        </foreach>
        group by object
        order by amount DESC
    </select>

    <select id="getAllTimeCaliAnalysis" resultMap="caliAnalysisDataDto">
        select b.project_name as object, count(a.project_id) as amount
        from cali_data a join tb_project b
        on a.project_id=b.project_id
        where a.ins_id in
        <foreach collection="insList" index="index" item="item" open="(" separator="," close=")">
            #{item}
        </foreach>
        and a.cali_time between #{startTime} and #{endTime}
        group by object
        order by amount DESC
    </select>


    <!--指定项目-->
    <select id="getProTimeCaliAnalysis" resultMap="caliAnalysisDataDto">
        select a.ins_id as object, count(a.ins_id) as amount
        from cali_data as a
        where a.project_id=#{projectId}
          and a.ins_id in
        <foreach collection="insList" index="index" item="item" open="(" separator="," close=")">
            #{item}
        </foreach>
          and a.cali_time between #{startTime} and #{endTime}
        group by object
        order by amount DESC
    </select>

    <select id="getProCaliAnalysis" resultMap="caliAnalysisDataDto">
        select a.ins_id as object, count(a.ins_id) as amount
        from cali_data as a
        where a.project_id=#{projectId}
        and a.ins_id in
        <foreach collection="insList" index="index" item="item" open="(" separator="," close=")">
            #{item}
        </foreach>
        group by object
        order by amount DESC
    </select>
</mapper>